date,name
2024-01-02,N073
2024-01-02,N048
2024-01-02,N040
2024-01-02,N085
2024-01-02,N006
2024-01-03,N112
2024-01-03,N097
2024-01-03,N091
2024-01-03,N048
2024-01-03,N054
2024-01-04,N051
2024-01-04,N031
2024-01-04,N095
2024-01-04,N110
2024-01-04,N024
2024-01-05,N079
2024-01-05,N114
2024-01-05,N105
2024-01-05,N008
2024-01-05,N103
2024-01-08,N080
2024-01-08,N095
2024-01-08,N024
2024-01-08,N042
2024-01-08,N096
2024-01-09,N088
2024-01-09,N051
2024-01-09,N075
2024-01-09,N002
2024-01-09,N043
2024-01-10,N065
2024-01-10,N025
2024-01-10,N062
2024-01-10,N100
2024-01-10,N064
2024-01-11,N050
2024-01-11,N117
2024-01-11,N045
2024-01-11,N073
2024-01-11,N098
2024-01-12,N007
2024-01-12,N077
2024-01-12,N103
2024-01-12,N074
2024-01-12,N111
2024-01-15,N012
2024-01-15,N006
2024-01-15,N036
2024-01-15,N039
2024-01-15,N058
2024-01-16,N012
2024-01-16,N059
2024-01-16,N007
2024-01-16,N112
2024-01-16,N043
2024-01-17,N047
2024-01-17,N043
2024-01-17,N116
2024-01-17,N005
2024-01-17,N058
2024-01-18,N071
2024-01-18,N096
2024-01-18,N060
2024-01-18,N059
2024-01-18,N118
2024-01-19,N072
2024-01-19,N109
2024-01-19,N071
2024-01-19,N022
2024-01-19,N070
2024-01-22,N007
2024-01-22,N080
2024-01-22,N104
2024-01-22,N027
2024-01-22,N100
2024-01-23,N035
2024-01-23,N025
2024-01-23,N083
2024-01-23,N037
2024-01-23,N072
2024-01-24,N038
2024-01-24,N013
2024-01-24,N036
2024-01-24,N066
2024-01-24,N109
2024-01-25,N039
2024-01-25,N061
2024-01-25,N102
2024-01-25,N002
2024-01-25,N010
2024-01-26,N031
2024-01-26,N013
2024-01-26,N017
2024-01-26,N025
2024-01-26,N110
2024-01-29,N094
2024-01-29,N090
2024-01-29,N086
2024-01-29,N031
2024-01-29,N069
2024-01-30,N023
2024-01-30,N090
2024-01-30,N046
2024-01-30,N092
2024-01-30,N053
2024-01-31,N010
2024-01-31,N004
2024-01-31,N102
2024-01-31,N101
2024-01-31,N099
2024-02-01,N025
2024-02-01,N005
2024-02-01,N035
2024-02-01,N103
2024-02-01,N101
2024-02-02,N085
2024-02-02,N104
2024-02-02,N086
2024-02-02,N008
2024-02-02,N096
2024-02-05,N007
2024-02-05,N059
2024-02-05,N105
2024-02-05,N029
2024-02-05,N024
2024-02-06,N102
2024-02-06,N106
2024-02-06,N094
2024-02-06,N092
2024-02-06,N061
2024-02-07,N014
2024-02-07,N030
2024-02-07,N005
2024-02-07,N059
2024-02-07,N085
2024-02-08,N021
2024-02-08,N040
2024-02-08,N051
2024-02-08,N065
2024-02-08,N023
2024-02-09,N019
2024-02-09,N079
2024-02-09,N047
2024-02-09,N098
2024-02-09,N101
2024-02-12,N114
2024-02-12,N104
2024-02-12,N106
2024-02-12,N085
2024-02-12,N071
2024-02-13,N107
2024-02-13,N043
2024-02-13,N027
2024-02-13,N077
2024-02-13,N067
2024-02-14,N080
2024-02-14,N117
2024-02-14,N075
2024-02-14,N090
2024-02-14,N027
2024-02-15,N081
2024-02-15,N098
2024-02-15,N036
2024-02-15,N103
2024-02-15,N094
2024-02-16,N066
2024-02-16,N087
2024-02-16,N019
2024-02-16,N093
2024-02-16,N026
2024-02-19,N016
2024-02-19,N044
2024-02-19,N104
2024-02-19,N084
2024-02-19,N082
2024-02-20,N036
2024-02-20,N002
2024-02-20,N106
2024-02-20,N042
2024-02-20,N030
2024-02-21,N026
2024-02-21,N059
2024-02-21,N083
2024-02-21,N076
2024-02-21,N113
2024-02-22,N003
2024-02-22,N108
2024-02-22,N024
2024-02-22,N020
2024-02-22,N118
2024-02-23,N070
2024-02-23,N001
2024-02-23,N098
2024-02-23,N035
2024-02-23,N093
2024-02-26,N111
2024-02-26,N040
2024-02-26,N113
2024-02-26,N067
2024-02-26,N018
2024-02-27,N028
2024-02-27,N002
2024-02-27,N094
2024-02-27,N116
2024-02-27,N027
2024-02-28,N093
2024-02-28,N024
2024-02-28,N014
2024-02-28,N114
2024-02-28,N069
2024-02-29,N018
2024-02-29,N040
2024-02-29,N001
2024-02-29,N014
2024-02-29,N097
2024-03-01,N006
2024-03-01,N027
2024-03-01,N075
2024-03-01,N023
2024-03-01,N103
2024-03-04,N045
2024-03-04,N074
2024-03-04,N079
2024-03-04,N027
2024-03-04,N005
2024-03-05,N093
2024-03-05,N011
2024-03-05,N075
2024-03-05,N018
2024-03-05,N092
2024-03-06,N105
2024-03-06,N110
2024-03-06,N003
2024-03-06,N005
2024-03-06,N101
2024-03-07,N063
2024-03-07,N035
2024-03-07,N031
2024-03-07,N099
2024-03-07,N061
2024-03-08,N000
2024-03-08,N035
2024-03-08,N112
2024-03-08,N119
2024-03-08,N092
2024-03-11,N000
2024-03-11,N035
2024-03-11,N063
2024-03-11,N033
2024-03-11,N073
2024-03-12,N039
2024-03-12,N001
2024-03-12,N053
2024-03-12,N101
2024-03-12,N012
2024-03-13,N014
2024-03-13,N060
2024-03-13,N019
2024-03-13,N045
2024-03-13,N021
2024-03-14,N077
2024-03-14,N046
2024-03-14,N116
2024-03-14,N025
2024-03-14,N111
2024-03-15,N032
2024-03-15,N013
2024-03-15,N024
2024-03-15,N111
2024-03-15,N036
2024-03-18,N053
2024-03-18,N006
2024-03-18,N039
2024-03-18,N030
2024-03-18,N020
2024-03-19,N066
2024-03-19,N100
2024-03-19,N061
2024-03-19,N026
2024-03-19,N042
2024-03-20,N055
2024-03-20,N019
2024-03-20,N011
2024-03-20,N038
2024-03-20,N021
2024-03-21,N058
2024-03-21,N097
2024-03-21,N113
2024-03-21,N071
2024-03-21,N056
2024-03-22,N087
2024-03-22,N060
2024-03-22,N066
2024-03-22,N115
2024-03-22,N079
2024-03-25,N113
2024-03-25,N046
2024-03-25,N038
2024-03-25,N020
2024-03-25,N061
