date,name,fwd_ret
2026-09-16,AAON,0.089995
2026-09-16,AAT,-0.013768
2026-09-16,ACOG,0.045238
2026-09-16,AIM,0.000000
2026-09-16,ARDC,-0.026667
2026-09-16,ASYS,0.114079
2026-09-16,AVBC,-0.029610
2026-09-16,BDN,-0.003425
2026-09-16,BFH,-0.080297
2026-09-16,BMA,-0.054498
2026-09-16,BUKS,0.014815
2026-09-16,BZUN,0.086957
2026-09-16,CAVA,0.067122
2026-09-16,CBKM,-0.006974
2026-09-16,CELH,0.032920
2026-09-16,CLPR,0.008772
2026-09-16,CRBG,-0.027547
2026-09-16,CROX,0.079896
2026-09-16,CTSO,-0.143106
2026-09-16,CTTH,0.127349
2026-09-16,DLHC,-0.035088
2026-09-16,ED,-0.026655
2026-09-16,EQPT,0.028441
2026-09-16,EU,0.386364
2026-09-16,FBNC,-0.006388
2026-09-16,FLNT,0.029851
2026-09-16,FOX,-0.037025
2026-09-16,FRPT,-0.045462
2026-09-16,GABC,-0.011387
2026-09-16,GAIA,0.000000
2026-09-16,GLP,-0.050827
2026-09-16,GUTS,-0.136767
2026-09-16,HCAT,-0.005780
2026-09-16,INLX,0.041176
2026-09-16,INM,0.078125
2026-09-16,IRIX,0.032787
2026-09-16,KBDC,0.002299
2026-09-16,KWY,-0.060950
2026-09-16,LMB,-0.027397
2026-09-16,MCFT,0.023499
2026-09-16,MNR,-0.038532
2026-09-16,NNOX,-0.074271
2026-09-16,PHIO,0.021021
2026-09-16,PLNT,-0.180328
2026-09-16,RCG,0.000000
2026-09-16,RDGL,-0.041667
2026-09-16,RGCO,-0.035497
2026-09-16,RICK,-0.019320
2026-09-16,ROC,-0.062780
2026-09-16,RWT,-0.043702
2026-09-16,SBLK,-0.015225
2026-09-16,STI,0.029008
2026-09-16,TELA,0.101695
2026-09-16,TH,0.130064
2026-09-16,TPL,-0.036808
2026-09-16,UMH,-0.011553
2026-09-16,USO,-0.047000
2026-09-16,WULF,0.062378
2026-09-16,YDES,-0.127027
2026-09-17,ACNB,-0.009678
2026-09-17,ADAG,-0.115727
2026-09-17,ADC,-0.014378
2026-09-17,AFCG,0.002882
2026-09-17,AIM,-0.090909
2026-09-17,ALP,0.246667
2026-09-17,BENF,1.305246
2026-09-17,BORR,-0.022936
2026-09-17,BRID,0.005111
2026-09-17,BUKS,-0.024213
2026-09-17,BWMX,0.030056
2026-09-17,BZUN,0.057554
2026-09-17,COO,0.029751
2026-09-17,CORZ,0.057176
2026-09-17,CRBG,-0.022649
2026-09-17,DLPN,0.018692
2026-09-17,EML,-0.002433
2026-09-17,FGBI,-0.088710
2026-09-17,GF,-0.027003
2026-09-17,GIPR,0.218182
2026-09-17,GPUS,0.000000
2026-09-17,INBX,-0.041344
2026-09-17,ISBA,-0.030083
2026-09-17,JCTC,-0.003401
2026-09-17,LFVN,0.014516
2026-09-17,LSAK,-0.021226
2026-09-17,LXU,-0.104703
2026-09-17,MNR,-0.041021
2026-09-17,MPB,-0.016304
2026-09-17,MXF,-0.024057
2026-09-17,NXH,-0.020771
2026-09-17,PLAY,0.012232
2026-09-17,QXL,-0.093860
2026-09-17,RCG,-0.009868
2026-09-17,RVSB,0.020761
2026-09-17,SBLK,-0.058268
2026-09-17,SCM,-0.043478
2026-09-17,SKIL,-0.033175
2026-09-17,TENX,0.016129
2026-09-17,TOFB,0.057143
2026-09-17,TPL,-0.025778
2026-09-17,TUSK,-0.086957
2026-09-17,USO,-0.014294
2026-09-17,XBP,0.059748
2026-09-18,AFCG,0.037901
2026-09-18,AIM,-0.095238
2026-09-18,BGDE,-0.031933
2026-09-18,BORR,-0.058296
2026-09-18,BPRE,0.036944
2026-09-18,BRID,0.015679
2026-09-18,BZUN,0.031579
2026-09-18,CRBG,0.001724
2026-09-18,CUEN,0.149356
2026-09-18,DLHC,-0.092072
2026-09-18,ECOR,-0.047945
2026-09-18,ELOG,-0.058824
2026-09-18,FGBI,-0.073988
2026-09-18,FLD,-0.064460
2026-09-18,GAM,-0.006468
2026-09-18,GPUS,-0.055556
2026-09-18,GRWG,-0.006369
2026-09-18,HDSN,-0.001934
2026-09-18,INLX,-0.094903
2026-09-18,KRMN,-0.001678
2026-09-18,KRNY,-0.020921
2026-09-18,LILA,0.008323
2026-09-18,PODC,-0.067797
2026-09-18,RCG,0.000000
2026-09-18,RWT,-0.055838
2026-09-18,TBLD,-0.009434
2026-09-18,TELA,0.008000
2026-09-18,TFC,-0.018534
2026-09-18,TH,-0.028787
2026-09-18,THM,0.061538
2026-09-18,THRY,-0.021858
2026-09-18,TPL,-0.032892
2026-09-21,BBD,-0.048295
2026-09-21,BOLT,-0.036212
2026-09-21,BORR,-0.094808
2026-09-21,BUKS,-0.047506
2026-09-21,CBKM,-0.008793
2026-09-21,CRBG,-0.029310
2026-09-21,CRM,-0.038702
2026-09-21,CTRI,-0.020649
2026-09-21,CULP,0.038889
2026-09-21,ELWT,-0.048971
2026-09-21,ENHA,0.069930
2026-09-21,EPSN,-0.006667
2026-09-21,EU,0.142857
2026-09-21,FBDT,0.123596
2026-09-21,GF,-0.025455
2026-09-21,GHM,0.015838
2026-09-21,GLP,-0.068155
2026-09-21,GME,0.052724
2026-09-21,GPI,-0.034440
2026-09-21,GPUS,-0.105263
2026-09-21,GRAB,0.063574
2026-09-21,GSAT,-0.008430
2026-09-21,HLEO,1.102041
2026-09-21,PODC,-0.133891
2026-09-21,PRTA,0.024677
2026-09-21,RCG,-0.003289
2026-09-21,RTB,0.109005
2026-09-21,RWT,-0.086634
2026-09-21,SKIL,0.011785
2026-09-21,TLYS,0.137405
2026-09-21,TOFB,-0.157895
2026-09-21,TPL,-0.078108
2026-09-21,UUU,-0.006110
2026-09-21,VENU,-0.077419
2026-09-22,AFCG,0.034286
2026-09-22,BBD,-0.058824
2026-09-22,BCBP,-0.013841
2026-09-22,BFRG,0.080000
2026-09-22,BGDE,-0.141935
2026-09-22,BRID,-0.037288
2026-09-22,BUKS,-0.024450
2026-09-22,BZUN,0.020067
2026-09-22,CRBG,-0.002069
2026-09-22,CTTH,-0.001754
2026-09-22,CULP,0.069444
2026-09-22,DLHC,-0.113350
2026-09-22,DLPN,0.009259
2026-09-22,DUOT,-0.022876
2026-09-22,ECOR,-0.114727
2026-09-22,EU,-0.049587
2026-09-22,EXPO,-0.025521
2026-09-22,FLNC,0.075653
2026-09-22,FMNB,-0.007180
2026-09-22,GCO,-0.016534
2026-09-22,GPUS,-0.111111
2026-09-22,HKHC,-0.074687
2026-09-22,JCTC,-0.006826
2026-09-22,JUSH,0.056000
2026-09-22,MCFT,-0.019052
2026-09-22,MXF,-0.018078
2026-09-22,NSLR,-0.065060
2026-09-22,NTRP,-0.072165
2026-09-22,NWPP,-0.016032
2026-09-22,NYAX,0.028618
2026-09-22,RCG,-0.019737
2026-09-22,RWAY,0.000000
2026-09-22,SAIC,-0.011412
2026-09-22,SEZL,-0.018455
2026-09-22,TPL,-0.074710
2026-09-22,TPVG,-0.004073
2026-09-22,UUU,0.033898
2026-09-22,VFF,0.040268
2026-09-22,WVVI,-0.096447
2026-09-22,YORW,-0.027540
2026-09-23,ADC,-0.004619
2026-09-23,AIAI,-0.018349
2026-09-23,ALNT,-0.017606
2026-09-23,ALP,0.063877
2026-09-23,BCDA,-0.038095
2026-09-23,BGDE,-0.133333
2026-09-23,BPRE,0.013743
2026-09-23,CINT,0.009868
2026-09-23,CRBG,-0.022721
2026-09-23,CV,0.067769
2026-09-23,DFDV,-0.069324
2026-09-23,DUOT,-0.015590
2026-09-23,ETRA,-0.112076
2026-09-23,GAM,-0.020988
2026-09-23,GOAI,-0.031088
2026-09-23,GRCE,0.014151
2026-09-23,HDSN,0.001946
2026-09-23,INBX,-0.002492
2026-09-23,INR,-0.033001
2026-09-23,KBDC,-0.039755
2026-09-23,LUCK,0.015152
2026-09-23,OFIX,0.025054
2026-09-23,PAL,-0.095855
2026-09-23,PHIO,0.009804
2026-09-23,PNRG,0.004220
2026-09-23,RCG,-0.013245
2026-09-23,RCT,0.000000
2026-09-23,RTB,-0.099594
2026-09-23,SKIL,-0.027027
2026-09-23,SPRU,-0.109375
2026-09-23,TNC,0.019257
2026-09-23,TPL,-0.029517
2026-09-23,UTI,-0.085700
2026-09-23,XOS,0.247059
2026-09-24,ACIC,0.019846
2026-09-24,AFCG,0.001437
2026-09-24,CIVB,-0.018108
2026-09-24,CRBG,-0.012614
2026-09-24,CSBB,0.000000
2026-09-24,DKS,-0.003002
2026-09-24,DLHC,-0.023873
2026-09-24,DY,-0.007865
2026-09-24,ENGN,0.031250
2026-09-24,FTHY,-0.024050
2026-09-24,GAM,-0.015509
2026-09-24,GF,-0.012026
2026-09-24,GPUS,-0.111111
2026-09-24,GSHD,0.080183
2026-09-24,HHH,0.115825
2026-09-24,KG,-0.101266
2026-09-24,MXF,-0.039633
2026-09-24,NYAX,0.078212
2026-09-24,OXM,-0.026467
2026-09-24,PDI,0.020924
2026-09-24,PWRL,0.007240
2026-09-24,RCG,-0.016611
2026-09-24,TPL,-0.005292
2026-09-24,UUU,0.021696
2026-09-24,UXIN,0.053846
2026-09-25,ADAG,-0.027304
2026-09-25,AEF,-0.014374
2026-09-25,ANNX,0.151099
2026-09-25,CLPR,-0.054217
2026-09-25,CMPX,-0.241593
2026-09-25,CRBG,-0.024089
2026-09-25,CUEN,-0.019004
2026-09-25,CX,-0.018538
2026-09-25,DFDV,-0.130795
2026-09-25,DHF,-0.004464
2026-09-25,DLY,0.025172
2026-09-25,EDRY,0.160299
2026-09-25,FTHY,-0.030000
2026-09-25,JCTC,0.013746
2026-09-25,KBDC,-0.028374
2026-09-25,LEN,-0.028485
2026-09-25,MSC,0.193182
2026-09-25,MX,0.115152
2026-09-25,NCT,-0.620767
2026-09-25,PHIO,-0.024752
2026-09-25,RCG,-0.009934
2026-09-25,RSI,0.007046
2026-09-25,SKIL,-0.040336
2026-09-25,UMH,0.000649
2026-09-25,URG,-0.070796
